ProductID,ProductName,ProductDescription,is_sunglass,ProductStandardPrice,is_available,photoURL,FrameType_T_FrameTypeID
1,Lapis Lazuli Salmon Glasses,Lorem ipsum sunglasses,TRUE,1893.41,TRUE,https://imgur.com/a/fake1,1821
2,Ocean Boat Blue Analysis Glasses,Lorem ipsum sunglasses,FALSE,756.39,FALSE,https://imgur.com/a/fake2,2422
3,Carmine Pink Bison Glasses,Lorem ipsum sunglasses,FALSE,1561.89,TRUE,https://imgur.com/a/fake1,598
4,Rusty Red Hero Glasses,Lorem ipsum sunglasses,TRUE,1850.7,TRUE,https://imgur.com/a/fake2,3209
5,Paris Green Radius Glasses,Lorem ipsum sunglasses,TRUE,715.22,TRUE,https://imgur.com/a/fake1,2660
6,Pale Carmine Tattoo Glasses,Lorem ipsum sunglasses,TRUE,206,FALSE,https://imgur.com/a/fake2,2556
7,Almond Louse Glasses,Lorem ipsum sunglasses,FALSE,1925.63,TRUE,https://imgur.com/a/fake1,27
8,Light Green Pliers Glasses,Lorem ipsum sunglasses,FALSE,937.54,TRUE,https://imgur.com/a/fake2,1968
9,Persian Blue Ox Glasses,Lorem ipsum sunglasses,TRUE,143.68,TRUE,https://imgur.com/a/fake1,2779
10,Pale Green Penny Glasses,Lorem ipsum sunglasses,TRUE,1263.13,FALSE,https://imgur.com/a/fake2,2595
11,Sinopia Goose Glasses,Lorem ipsum sunglasses,TRUE,1672.26,TRUE,https://imgur.com/a/fake1,3356
12,Pale Copper Suspenders Glasses,Lorem ipsum sunglasses,FALSE,647.43,TRUE,https://imgur.com/a/fake2,2572
13,Sandstorm Vertebra Glasses,Lorem ipsum sunglasses,FALSE,1889.17,TRUE,https://imgur.com/a/fake1,3248
14,Wine Dregs Species Glasses,Lorem ipsum sunglasses,TRUE,910.65,FALSE,https://imgur.com/a/fake2,3864
15,Gray-Asparagus Shorts Glasses,Lorem ipsum sunglasses,TRUE,1254.8,TRUE,https://imgur.com/a/fake1,1595
16,Persian Indigo Antenna Glasses,Lorem ipsum sunglasses,TRUE,1865.36,TRUE,https://imgur.com/a/fake2,2786
17,Viridian Analysis Glasses,Lorem ipsum sunglasses,FALSE,796.6,TRUE,https://imgur.com/a/fake1,3782
18,Pastel Brown Syllabus Glasses,Lorem ipsum sunglasses,FALSE,940.31,FALSE,https://imgur.com/a/fake2,2668
19,Bright Pink Fish Glasses,Lorem ipsum sunglasses,TRUE,1970.69,TRUE,https://imgur.com/a/fake1,394
20,Electric Crimson Scarf Glasses,Lorem ipsum sunglasses,TRUE,1630.81,TRUE,https://imgur.com/a/fake2,1315
21,Copper Carp Glasses,Lorem ipsum sunglasses,TRUE,1029.35,TRUE,https://imgur.com/a/fake1,806
22,Antique Ruby Synthesis Glasses,Lorem ipsum sunglasses,FALSE,1298.6,FALSE,https://imgur.com/a/fake2,72
23,Light Apricot Volcano Glasses,Lorem ipsum sunglasses,FALSE,94.03,TRUE,https://imgur.com/a/fake1,1913
24,Shocking Pink Person Glasses,Lorem ipsum sunglasses,TRUE,1540.57,TRUE,https://imgur.com/a/fake2,3344
25,Rose Pink Vertex Glasses,Lorem ipsum sunglasses,TRUE,714.58,TRUE,https://imgur.com/a/fake1,3110
26,Bisque Crisis Glasses,Lorem ipsum sunglasses,TRUE,1087.38,FALSE,https://imgur.com/a/fake2,226
27,Tangerine Thesis Glasses,Lorem ipsum sunglasses,FALSE,488.83,TRUE,https://imgur.com/a/fake1,3467
28,Dark Tangerine Bacterium Glasses,Lorem ipsum sunglasses,FALSE,108.04,TRUE,https://imgur.com/a/fake2,1103
29,Seashell Synthesis Glasses,Lorem ipsum sunglasses,TRUE,1685.09,TRUE,https://imgur.com/a/fake1,3319
30,Isabelline Wife Glasses,Lorem ipsum sunglasses,TRUE,682.02,FALSE,https://imgur.com/a/fake2,1745
31,Denim Deer Glasses,Lorem ipsum sunglasses,TRUE,587.48,TRUE,https://imgur.com/a/fake1,1231
32,Deep Sky Blue Scissors Glasses,Lorem ipsum sunglasses,FALSE,866.96,TRUE,https://imgur.com/a/fake2,1222
33,Deep Chestnut Box Glasses,Lorem ipsum sunglasses,FALSE,1497.47,TRUE,https://imgur.com/a/fake1,1173
34,Cardinal Hero Glasses,Lorem ipsum sunglasses,TRUE,575.51,FALSE,https://imgur.com/a/fake2,584
35,Burgundy Echo Glasses,Lorem ipsum sunglasses,TRUE,1901.4,TRUE,https://imgur.com/a/fake1,455
36,Saffron Crisis Glasses,Lorem ipsum sunglasses,TRUE,1862.32,TRUE,https://imgur.com/a/fake2,3221
37,Pale Cerulean Thesis Glasses,Lorem ipsum sunglasses,FALSE,2136.01,TRUE,https://imgur.com/a/fake1,2562
38,Old Mauve Scarf Glasses,Lorem ipsum sunglasses,FALSE,55.61,FALSE,https://imgur.com/a/fake2,2453
39,Psychedelic Purple Shrimp Glasses,Lorem ipsum sunglasses,TRUE,1448.46,TRUE,https://imgur.com/a/fake1,2909
40,Beau Blue Synopsis Glasses,Lorem ipsum sunglasses,TRUE,1224.22,TRUE,https://imgur.com/a/fake2,210
41,Bottle Green Calf Glasses,Lorem ipsum sunglasses,TRUE,1201.27,TRUE,https://imgur.com/a/fake1,346
42,Dark Pastel Red Penny Glasses,Lorem ipsum sunglasses,FALSE,1249.13,FALSE,https://imgur.com/a/fake2,1037
43,Deep Fuchsia Torpedo Glasses,Lorem ipsum sunglasses,FALSE,770.16,TRUE,https://imgur.com/a/fake1,1183
44,Apricot Apparatus Glasses,Lorem ipsum sunglasses,TRUE,1614.28,TRUE,https://imgur.com/a/fake2,89
45,Fulvous Focus Glasses,Lorem ipsum sunglasses,TRUE,2102.75,TRUE,https://imgur.com/a/fake1,1525
46,Dark Turquoise Baby Glasses,Lorem ipsum sunglasses,TRUE,2070.35,FALSE,https://imgur.com/a/fake2,1116
47,Rose Taupe Salmon Glasses,Lorem ipsum sunglasses,FALSE,1183.07,TRUE,https://imgur.com/a/fake1,3117
48,Dollar Bill Moose Glasses,Lorem ipsum sunglasses,FALSE,2280.69,TRUE,https://imgur.com/a/fake2,1263
49,Bone Datum Glasses,Lorem ipsum sunglasses,TRUE,30.73,TRUE,https://imgur.com/a/fake1,339
50,Ruby Bison Glasses,Lorem ipsum sunglasses,TRUE,1361.33,FALSE,https://imgur.com/a/fake2,3170
51,Palatinate Purple Axis Glasses,Lorem ipsum sunglasses,TRUE,2096.29,TRUE,https://imgur.com/a/fake1,2536
52,Jasper Medium Glasses,Lorem ipsum sunglasses,FALSE,233.75,TRUE,https://imgur.com/a/fake2,1767
53,Papaya Whip Ox Glasses,Lorem ipsum sunglasses,FALSE,1469.94,TRUE,https://imgur.com/a/fake1,2653
54,Dark Khaki Criterion Glasses,Lorem ipsum sunglasses,TRUE,2031.41,FALSE,https://imgur.com/a/fake2,984
55,Cadet Analysis Glasses,Lorem ipsum sunglasses,TRUE,934,TRUE,https://imgur.com/a/fake1,490
56,Payne'S Grey Goose Glasses,Lorem ipsum sunglasses,TRUE,908.84,TRUE,https://imgur.com/a/fake2,2721
57,Gainsboro Nemesis Glasses,Lorem ipsum sunglasses,FALSE,12.75,TRUE,https://imgur.com/a/fake1,1532
58,Dark Jungle Green Ox Glasses,Lorem ipsum sunglasses,FALSE,421.8,FALSE,https://imgur.com/a/fake2,978
59,Light Pink Deer Glasses,Lorem ipsum sunglasses,TRUE,659.38,TRUE,https://imgur.com/a/fake1,1984
60,Periwinkle Child Glasses,Lorem ipsum sunglasses,TRUE,407.76,TRUE,https://imgur.com/a/fake2,2775
61,Earth Yellow Child Glasses,Lorem ipsum sunglasses,TRUE,507.79,TRUE,https://imgur.com/a/fake1,1276
62,Blue Bell Cactus Glasses,Lorem ipsum sunglasses,FALSE,1844.97,FALSE,https://imgur.com/a/fake2,297
63,Thistle Squid Glasses,Lorem ipsum sunglasses,FALSE,759.87,TRUE,https://imgur.com/a/fake1,3523
64,Lavender Pink Person Glasses,Lorem ipsum sunglasses,TRUE,1438.81,TRUE,https://imgur.com/a/fake2,1874
65,Saddle Brown Dwarf Glasses,Lorem ipsum sunglasses,TRUE,689.38,TRUE,https://imgur.com/a/fake1,3220
66,Dark Magenta Addendum Glasses,Lorem ipsum sunglasses,TRUE,458.48,FALSE,https://imgur.com/a/fake2,996
67,Myrtle Syllabus Glasses,Lorem ipsum sunglasses,FALSE,7.66,TRUE,https://imgur.com/a/fake1,2362
68,Sandy Brown Radius Glasses,Lorem ipsum sunglasses,FALSE,1081.02,TRUE,https://imgur.com/a/fake2,3253
69,Alizarin Crimson Cactus Glasses,Lorem ipsum sunglasses,TRUE,2106.37,TRUE,https://imgur.com/a/fake1,19
70,Deep Saffron Series Glasses,Lorem ipsum sunglasses,TRUE,1978.98,FALSE,https://imgur.com/a/fake2,1220
71,Light Slate Gray Cod Glasses,Lorem ipsum sunglasses,TRUE,2015.79,TRUE,https://imgur.com/a/fake1,2011
72,Coffee Corpus Glasses,Lorem ipsum sunglasses,FALSE,754.27,TRUE,https://imgur.com/a/fake2,782
73,Deep Champagne Wife Glasses,Lorem ipsum sunglasses,FALSE,1062.49,TRUE,https://imgur.com/a/fake1,1168
74,Bittersweet Shimmer Addendum Glasses,Lorem ipsum sunglasses,TRUE,1100.34,FALSE,https://imgur.com/a/fake2,244
75,Cool Grey Cello Glasses,Lorem ipsum sunglasses,TRUE,527.46,TRUE,https://imgur.com/a/fake1,805
76,Purple Mountain Majesty Synopsis Glasses,Lorem ipsum sunglasses,TRUE,1606.94,TRUE,https://imgur.com/a/fake2,2926
77,Blue Sapphire Poppy Glasses,Lorem ipsum sunglasses,FALSE,404.54,TRUE,https://imgur.com/a/fake1,312
78,Heliotrope Formula Glasses,Lorem ipsum sunglasses,FALSE,750.05,FALSE,https://imgur.com/a/fake2,1653
79,Pearl Aqua Octopus Glasses,Lorem ipsum sunglasses,TRUE,1064.34,TRUE,https://imgur.com/a/fake1,2759
80,Dark Pink Wife Glasses,Lorem ipsum sunglasses,TRUE,832.56,TRUE,https://imgur.com/a/fake2,1045
81,Flame Half Glasses,Lorem ipsum sunglasses,TRUE,2186.33,TRUE,https://imgur.com/a/fake1,1431
82,Sangria Veto Glasses,Lorem ipsum sunglasses,FALSE,464.07,FALSE,https://imgur.com/a/fake2,3262
83,Violet-Blue Apparatus Glasses,Lorem ipsum sunglasses,FALSE,1337.5,TRUE,https://imgur.com/a/fake1,3778
84,Dark Tan Larva Glasses,Lorem ipsum sunglasses,TRUE,1187.15,TRUE,https://imgur.com/a/fake2,1099
85,Ruddy Corpus Glasses,Lorem ipsum sunglasses,TRUE,671.54,TRUE,https://imgur.com/a/fake1,3180
86,Baby Pink Trousers Glasses,Lorem ipsum sunglasses,TRUE,1895.01,FALSE,https://imgur.com/a/fake2,171
87,Turquoise Synopsis Glasses,Lorem ipsum sunglasses,FALSE,2057.08,TRUE,https://imgur.com/a/fake1,3607
88,Medium Taupe Die Glasses,Lorem ipsum sunglasses,FALSE,1803.66,TRUE,https://imgur.com/a/fake2,2243
89,Apple Green Child Glasses,Lorem ipsum sunglasses,TRUE,1225.09,TRUE,https://imgur.com/a/fake1,84
90,Fuchsia Carp Glasses,Lorem ipsum sunglasses,TRUE,1222.46,FALSE,https://imgur.com/a/fake2,1510
91,Light Red Ochre Torpedo Glasses,Lorem ipsum sunglasses,TRUE,1858.49,TRUE,https://imgur.com/a/fake1,1986
92,Azure Mist/Web Tongs Glasses,Lorem ipsum sunglasses,FALSE,1890.8,TRUE,https://imgur.com/a/fake2,157
93,Bright Ube Synthesis Glasses,Lorem ipsum sunglasses,FALSE,412.16,TRUE,https://imgur.com/a/fake1,403
94,Indigo Focus Glasses,Lorem ipsum sunglasses,TRUE,384.8,FALSE,https://imgur.com/a/fake2,1729
95,Peridot Radius Glasses,Lorem ipsum sunglasses,TRUE,263.37,TRUE,https://imgur.com/a/fake1,2770
96,Pale Plum Alga Glasses,Lorem ipsum sunglasses,TRUE,701.77,TRUE,https://imgur.com/a/fake2,2611
97,Tomato Tattoo Glasses,Lorem ipsum sunglasses,FALSE,792.03,TRUE,https://imgur.com/a/fake1,3557
98,Classic Rose Basis Glasses,Lorem ipsum sunglasses,FALSE,1822.08,FALSE,https://imgur.com/a/fake2,768
99,Prussian Blue Formula Glasses,Lorem ipsum sunglasses,TRUE,12.45,TRUE,https://imgur.com/a/fake1,2904
100,Dark Terra Cotta Nemesis Glasses,Lorem ipsum sunglasses,TRUE,1459.38,TRUE,https://imgur.com/a/fake2,1115
101,Mahogany Torpedo Glasses,Lorem ipsum sunglasses,TRUE,849.84,TRUE,https://imgur.com/a/fake1,2091
102,Daffodil Antenna Glasses,Lorem ipsum sunglasses,FALSE,556.73,FALSE,https://imgur.com/a/fake2,902
103,Cadmium Green Analysis Glasses,Lorem ipsum sunglasses,FALSE,1167.48,TRUE,https://imgur.com/a/fake1,503
104,Blue-Green Series Glasses,Lorem ipsum sunglasses,TRUE,1764,TRUE,https://imgur.com/a/fake2,309
105,Amaranth Vertebra Glasses,Lorem ipsum sunglasses,TRUE,2209.5,TRUE,https://imgur.com/a/fake1,35
106,Sapphire Blue Squid Glasses,Lorem ipsum sunglasses,TRUE,398.31,FALSE,https://imgur.com/a/fake2,3276
107,Corn Kangaroo Glasses,Lorem ipsum sunglasses,FALSE,2107.82,TRUE,https://imgur.com/a/fake1,852
108,French Lime Crisis Glasses,Lorem ipsum sunglasses,FALSE,47.58,TRUE,https://imgur.com/a/fake2,1493
109,Baby Blue Eyes Stimulus Glasses,Lorem ipsum sunglasses,TRUE,1793.98,TRUE,https://imgur.com/a/fake1,169
110,Teal Green Alumnus Glasses,Lorem ipsum sunglasses,TRUE,1825.9,FALSE,https://imgur.com/a/fake2,3510
111,Scarlet Penny Glasses,Lorem ipsum sunglasses,TRUE,963.85,TRUE,https://imgur.com/a/fake1,3286
112,Vivid Tangerine Baby Glasses,Lorem ipsum sunglasses,FALSE,352.25,TRUE,https://imgur.com/a/fake2,3802
113,Bright Lavender Wolf Glasses,Lorem ipsum sunglasses,FALSE,1360.51,TRUE,https://imgur.com/a/fake1,383
114,Up Forest Green Stimulus Glasses,Lorem ipsum sunglasses,TRUE,449.85,FALSE,https://imgur.com/a/fake2,3709
115,Olivine Echo Glasses,Lorem ipsum sunglasses,TRUE,1114.12,TRUE,https://imgur.com/a/fake1,2475
116,Dark Electric Blue Stimulus Glasses,Lorem ipsum sunglasses,TRUE,322.54,TRUE,https://imgur.com/a/fake2,951
117,Ultramarine Genus Glasses,Lorem ipsum sunglasses,FALSE,362.07,TRUE,https://imgur.com/a/fake1,3672
118,Mordant Red 19 Half Glasses,Lorem ipsum sunglasses,FALSE,764.74,FALSE,https://imgur.com/a/fake2,2328
119,Lavender Magenta Louse Glasses,Lorem ipsum sunglasses,TRUE,129.88,TRUE,https://imgur.com/a/fake1,1864
120,Medium Spring Green Zoo Glasses,Lorem ipsum sunglasses,TRUE,11.73,TRUE,https://imgur.com/a/fake2,2240
121,Wild Blue Yonder Cod Glasses,Lorem ipsum sunglasses,TRUE,2212.22,TRUE,https://imgur.com/a/fake1,3841
122,Turquoise Green Formula Glasses,Lorem ipsum sunglasses,FALSE,60.46,FALSE,https://imgur.com/a/fake2,3617
123,Red-Orange Switch Glasses,Lorem ipsum sunglasses,FALSE,201.16,TRUE,https://imgur.com/a/fake1,3013
124,Stormcloud Focus Glasses,Lorem ipsum sunglasses,TRUE,2105.39,TRUE,https://imgur.com/a/fake2,3439
125,Meat Brown Criterion Glasses,Lorem ipsum sunglasses,TRUE,1926.88,TRUE,https://imgur.com/a/fake1,2155
126,Desert Sand Scissors Glasses,Lorem ipsum sunglasses,TRUE,530.59,FALSE,https://imgur.com/a/fake2,1241
127,Field Drab Bacterium Glasses,Lorem ipsum sunglasses,FALSE,394.55,TRUE,https://imgur.com/a/fake1,1417
128,Alice Blue Echo Glasses,Lorem ipsum sunglasses,FALSE,1962.71,TRUE,https://imgur.com/a/fake2,13
129,Pale Chestnut Kangaroo Glasses,Lorem ipsum sunglasses,TRUE,600.31,TRUE,https://imgur.com/a/fake1,2569
130,Rajah Glass Glasses,Lorem ipsum sunglasses,TRUE,1417.05,FALSE,https://imgur.com/a/fake2,2960
131,Amethyst Pliers Glasses,Lorem ipsum sunglasses,TRUE,394.69,TRUE,https://imgur.com/a/fake1,46
132,Royal Azure Box Glasses,Lorem ipsum sunglasses,FALSE,2290.25,TRUE,https://imgur.com/a/fake2,3142
133,Bazaar Cod Glasses,Lorem ipsum sunglasses,FALSE,322.4,TRUE,https://imgur.com/a/fake1,203
134,True Blue Radius Glasses,Lorem ipsum sunglasses,TRUE,1379.11,FALSE,https://imgur.com/a/fake2,3589
135,Bondi Blue Ovum Glasses,Lorem ipsum sunglasses,TRUE,2067,TRUE,https://imgur.com/a/fake1,335
136,Cadet Grey Echo Glasses,Lorem ipsum sunglasses,TRUE,472.52,TRUE,https://imgur.com/a/fake2,496
137,Desert Fish Glasses,Lorem ipsum sunglasses,FALSE,345.36,TRUE,https://imgur.com/a/fake1,1237
138,Zaffre Datum Glasses,Lorem ipsum sunglasses,FALSE,1113.18,FALSE,https://imgur.com/a/fake2,3903
139,Prune Shorts Glasses,Lorem ipsum sunglasses,TRUE,1292.05,TRUE,https://imgur.com/a/fake1,2899
140,Cobalt Penny Glasses,Lorem ipsum sunglasses,TRUE,210.89,TRUE,https://imgur.com/a/fake2,775
141,Carnelian Veto Glasses,Lorem ipsum sunglasses,TRUE,2252.59,TRUE,https://imgur.com/a/fake1,611
142,Crimson Bush Glasses,Lorem ipsum sunglasses,FALSE,1777.44,FALSE,https://imgur.com/a/fake2,887
143,Cadmium Orange Knife Glasses,Lorem ipsum sunglasses,FALSE,2006.82,TRUE,https://imgur.com/a/fake1,508
144,Barn Red Tableau Glasses,Lorem ipsum sunglasses,TRUE,2060.51,TRUE,https://imgur.com/a/fake2,194
145,Columbia Blue Baby Glasses,Lorem ipsum sunglasses,TRUE,946.81,TRUE,https://imgur.com/a/fake1,790
146,Pale Goldenrod Mouse Glasses,Lorem ipsum sunglasses,TRUE,2253.13,FALSE,https://imgur.com/a/fake2,2586
147,Medium Violet-Red Stimulus Glasses,Lorem ipsum sunglasses,FALSE,211.36,TRUE,https://imgur.com/a/fake1,2262
148,Pale Gold Stimulus Glasses,Lorem ipsum sunglasses,FALSE,399.02,TRUE,https://imgur.com/a/fake2,2583
149,Dark Goldenrod Cello Glasses,Lorem ipsum sunglasses,TRUE,1216.34,TRUE,https://imgur.com/a/fake1,959
150,Pale Brown Phenomenon Glasses,Lorem ipsum sunglasses,TRUE,582.78,FALSE,https://imgur.com/a/fake2,2555
151,Flax Cactus Glasses,Lorem ipsum sunglasses,TRUE,1870.5,TRUE,https://imgur.com/a/fake1,1446
152,Vivid Auburn Penny Glasses,Lorem ipsum sunglasses,FALSE,352.9,TRUE,https://imgur.com/a/fake2,3787
153,Black Datum Glasses,Lorem ipsum sunglasses,FALSE,1042.77,TRUE,https://imgur.com/a/fake1,248
154,Rubine Red Formula Glasses,Lorem ipsum sunglasses,TRUE,759.86,FALSE,https://imgur.com/a/fake2,3164
155,Electric Indigo Apparatus Glasses,Lorem ipsum sunglasses,TRUE,574.82,TRUE,https://imgur.com/a/fake1,1330
156,Razzle Dazzle Rose Medium Glasses,Lorem ipsum sunglasses,TRUE,547.9,TRUE,https://imgur.com/a/fake2,2986
157,Ball Blue Vertebra Glasses,Lorem ipsum sunglasses,FALSE,2125.85,TRUE,https://imgur.com/a/fake1,177
158,Deep Tuscan Red Leaf Glasses,Lorem ipsum sunglasses,FALSE,1719.54,FALSE,https://imgur.com/a/fake2,1228
159,Vivid Violet Mouse Glasses,Lorem ipsum sunglasses,TRUE,1575.11,TRUE,https://imgur.com/a/fake1,3809
160,Fuchsia Pink Oasis Glasses,Lorem ipsum sunglasses,TRUE,2104.67,TRUE,https://imgur.com/a/fake2,1515
161,Pale Violet-Red Bacterium Glasses,Lorem ipsum sunglasses,TRUE,783.29,TRUE,https://imgur.com/a/fake1,2641
162,Dim Gray Shorts Glasses,Lorem ipsum sunglasses,FALSE,1270.14,FALSE,https://imgur.com/a/fake2,1247
163,Unmellow Yellow Species Glasses,Lorem ipsum sunglasses,FALSE,623.64,TRUE,https://imgur.com/a/fake1,3703
164,White Smoke Duck Glasses,Lorem ipsum sunglasses,TRUE,934.84,TRUE,https://imgur.com/a/fake2,3839
165,Auburn Veto Glasses,Lorem ipsum sunglasses,TRUE,507.09,TRUE,https://imgur.com/a/fake1,135
166,Mauve Suspenders Glasses,Lorem ipsum sunglasses,TRUE,2124.19,FALSE,https://imgur.com/a/fake2,2131
167,Light Blue Baby Glasses,Lorem ipsum sunglasses,FALSE,347.3,TRUE,https://imgur.com/a/fake1,1917
168,Bistre Millennium Glasses,Lorem ipsum sunglasses,FALSE,2247.65,TRUE,https://imgur.com/a/fake2,233
169,Turquoise Blue Memorandum Glasses,Lorem ipsum sunglasses,TRUE,949.52,TRUE,https://imgur.com/a/fake1,3614
170,Sunset Person Glasses,Lorem ipsum sunglasses,TRUE,1851.3,FALSE,https://imgur.com/a/fake2,3455
171,Han Purple Scarf Glasses,Lorem ipsum sunglasses,TRUE,1065.89,TRUE,https://imgur.com/a/fake1,1621
172,Lust Baby Glasses,Lorem ipsum sunglasses,FALSE,427.51,TRUE,https://imgur.com/a/fake2,2072
173,Little Boy Blue Life Glasses,Lorem ipsum sunglasses,FALSE,844.06,TRUE,https://imgur.com/a/fake1,2063
174,Pastel Yellow Apparatus Glasses,Lorem ipsum sunglasses,TRUE,701.05,FALSE,https://imgur.com/a/fake2,2714
175,Limerick Index Glasses,Lorem ipsum sunglasses,TRUE,48.38,TRUE,https://imgur.com/a/fake1,2045
176,Ferrari Red Memorandum Glasses,Lorem ipsum sunglasses,TRUE,701.86,TRUE,https://imgur.com/a/fake2,1411
177,Black Bean Syllabus Glasses,Lorem ipsum sunglasses,FALSE,1278.6,TRUE,https://imgur.com/a/fake1,252
178,Antique Brass Synthesis Glasses,Lorem ipsum sunglasses,FALSE,2282.92,FALSE,https://imgur.com/a/fake2,63
179,Languid Lavender Millennium Glasses,Lorem ipsum sunglasses,TRUE,2296.85,TRUE,https://imgur.com/a/fake1,1819
180,Telemagenta Octopus Glasses,Lorem ipsum sunglasses,TRUE,1276.84,TRUE,https://imgur.com/a/fake2,3515
181,Ecru Species Glasses,Lorem ipsum sunglasses,TRUE,515.18,TRUE,https://imgur.com/a/fake1,1286
182,Lavender Blush Buffalo Glasses,Lorem ipsum sunglasses,FALSE,1529.81,FALSE,https://imgur.com/a/fake2,1847
183,Green Larva Glasses,Lorem ipsum sunglasses,FALSE,2247.8,TRUE,https://imgur.com/a/fake1,1748
184,Dark Pastel Purple Pike Glasses,Lorem ipsum sunglasses,TRUE,1422.72,TRUE,https://imgur.com/a/fake2,1034
185,Ua Blue Octopus Glasses,Lorem ipsum sunglasses,TRUE,381.92,TRUE,https://imgur.com/a/fake1,3640
186,Ruddy Pink Goose Glasses,Lorem ipsum sunglasses,TRUE,570.85,FALSE,https://imgur.com/a/fake2,3186
187,Fuchsia Rose Hero Glasses,Lorem ipsum sunglasses,FALSE,1366.45,TRUE,https://imgur.com/a/fake1,1517
188,Upsdell Red Fish Glasses,Lorem ipsum sunglasses,FALSE,1365.73,TRUE,https://imgur.com/a/fake2,3718
189,Wisteria Ox Glasses,Lorem ipsum sunglasses,TRUE,1600.55,TRUE,https://imgur.com/a/fake1,3869
190,Brass Syllabus Glasses,Lorem ipsum sunglasses,TRUE,2079.34,FALSE,https://imgur.com/a/fake2,365
191,Pastel Violet Curriculum Glasses,Lorem ipsum sunglasses,TRUE,1321.59,TRUE,https://imgur.com/a/fake1,2706
192,Pale Red-Violet Medium Glasses,Lorem ipsum sunglasses,FALSE,1305.99,TRUE,https://imgur.com/a/fake2,2617
193,Bubble Gum Alga Glasses,Lorem ipsum sunglasses,FALSE,1813.01,TRUE,https://imgur.com/a/fake1,433
194,Cambridge Blue Penny Glasses,Lorem ipsum sunglasses,TRUE,1542.41,FALSE,https://imgur.com/a/fake2,539
195,Verdigris Squid Glasses,Lorem ipsum sunglasses,TRUE,1274.03,TRUE,https://imgur.com/a/fake1,3765
196,Ou Crimson Red Cactus Glasses,Lorem ipsum sunglasses,TRUE,849.95,TRUE,https://imgur.com/a/fake2,2506
197,Phthalo Green Shelf Glasses,Lorem ipsum sunglasses,FALSE,2290.22,TRUE,https://imgur.com/a/fake1,2837
198,Patriarch Diagnosis Glasses,Lorem ipsum sunglasses,FALSE,2034.88,FALSE,https://imgur.com/a/fake2,2718
199,Kelly Green Fish Glasses,Lorem ipsum sunglasses,TRUE,326.95,TRUE,https://imgur.com/a/fake1,1799
200,Cotton Candy Life Glasses,Lorem ipsum sunglasses,TRUE,1143.38,TRUE,https://imgur.com/a/fake2,880
201,Dandelion Dwarf Glasses,Lorem ipsum sunglasses,TRUE,1138.52,TRUE,https://imgur.com/a/fake1,906
202,Moccasin Salmon Glasses,Lorem ipsum sunglasses,FALSE,791.9,FALSE,https://imgur.com/a/fake2,2312
203,Chrome Yellow Torpedo Glasses,Lorem ipsum sunglasses,FALSE,1114,TRUE,https://imgur.com/a/fake1,743
204,Mellow Yellow Millennium Glasses,Lorem ipsum sunglasses,TRUE,601.75,TRUE,https://imgur.com/a/fake2,2274
205,Byzantine Tomato Glasses,Lorem ipsum sunglasses,TRUE,1968.9,TRUE,https://imgur.com/a/fake1,480
206,Imperial Blue Datum Glasses,Lorem ipsum sunglasses,TRUE,2032.3,FALSE,https://imgur.com/a/fake2,1701
207,Burnt Orange Analysis Glasses,Lorem ipsum sunglasses,FALSE,454.63,TRUE,https://imgur.com/a/fake1,462
208,Rich Carmine Ox Glasses,Lorem ipsum sunglasses,FALSE,63.24,TRUE,https://imgur.com/a/fake2,3048
209,Deep Pink Crisis Glasses,Lorem ipsum sunglasses,TRUE,1465.76,TRUE,https://imgur.com/a/fake1,1209
210,Iceberg Child Glasses,Lorem ipsum sunglasses,TRUE,1889.49,FALSE,https://imgur.com/a/fake2,1695
211,Persimmon Bureau Glasses,Lorem ipsum sunglasses,TRUE,764.6,TRUE,https://imgur.com/a/fake1,2816
212,Arylide Yellow Box Glasses,Lorem ipsum sunglasses,FALSE,1495.72,TRUE,https://imgur.com/a/fake2,112
213,Lion Salmon Glasses,Lorem ipsum sunglasses,FALSE,837.1,TRUE,https://imgur.com/a/fake1,2058
214,Ucla Gold Life Glasses,Lorem ipsum sunglasses,TRUE,456.23,FALSE,https://imgur.com/a/fake2,3659
215,Snow Baby Glasses,Lorem ipsum sunglasses,TRUE,1130.91,TRUE,https://imgur.com/a/fake1,3400
216,Charm Pink Hoof Glasses,Lorem ipsum sunglasses,TRUE,900.55,TRUE,https://imgur.com/a/fake2,706
217,Glaucous Addendum Glasses,Lorem ipsum sunglasses,FALSE,902.79,TRUE,https://imgur.com/a/fake1,1552
218,Byzantium Pliers Glasses,Lorem ipsum sunglasses,FALSE,635.09,FALSE,https://imgur.com/a/fake2,483
219,Taupe Ovum Glasses,Lorem ipsum sunglasses,TRUE,2274.27,TRUE,https://imgur.com/a/fake1,3484
220,Medium Turquoise Mouse Glasses,Lorem ipsum sunglasses,TRUE,764.01,TRUE,https://imgur.com/a/fake2,2250
221,Hansa Yellow Diagnosis Glasses,Lorem ipsum sunglasses,TRUE,940.68,TRUE,https://imgur.com/a/fake1,1626
222,Mulberry Scarf Glasses,Lorem ipsum sunglasses,FALSE,992.19,FALSE,https://imgur.com/a/fake2,2352
223,Antique Fuchsia Glass Glasses,Lorem ipsum sunglasses,FALSE,389.69,TRUE,https://imgur.com/a/fake1,68
224,Battleship Grey Bush Glasses,Lorem ipsum sunglasses,TRUE,1491.85,TRUE,https://imgur.com/a/fake2,199
225,Non-Photo Blue Veto Glasses,Lorem ipsum sunglasses,TRUE,197.28,TRUE,https://imgur.com/a/fake1,2415
226,Rich Lavender Volcano Glasses,Lorem ipsum sunglasses,TRUE,2092.18,FALSE,https://imgur.com/a/fake2,3056
227,Inchworm Stimulus Glasses,Lorem ipsum sunglasses,FALSE,1789.06,TRUE,https://imgur.com/a/fake1,1707
228,Feldgrau Thesis Glasses,Lorem ipsum sunglasses,FALSE,512.8,TRUE,https://imgur.com/a/fake2,1403
229,Wheat Half Glasses,Lorem ipsum sunglasses,TRUE,1315.11,TRUE,https://imgur.com/a/fake1,3829
230,Iris Die Glasses,Lorem ipsum sunglasses,TRUE,1114.65,FALSE,https://imgur.com/a/fake2,1740
231,Champagne Spy Glasses,Lorem ipsum sunglasses,TRUE,748.5,TRUE,https://imgur.com/a/fake1,696
232,Dartmouth Green Echo Glasses,Lorem ipsum sunglasses,FALSE,1931.62,TRUE,https://imgur.com/a/fake2,1132
233,Bright Cerulean Self Glasses,Lorem ipsum sunglasses,FALSE,503.46,TRUE,https://imgur.com/a/fake1,373
234,Chestnut Octopus Glasses,Lorem ipsum sunglasses,TRUE,1194.19,FALSE,https://imgur.com/a/fake2,724
235,Dark Taupe Curriculum Glasses,Lorem ipsum sunglasses,TRUE,823.99,TRUE,https://imgur.com/a/fake1,1110
236,Dark Pastel Green Glass Glasses,Lorem ipsum sunglasses,TRUE,1538.38,TRUE,https://imgur.com/a/fake2,1026
237,Medium Spring Bud Vertex Glasses,Lorem ipsum sunglasses,FALSE,1866.55,TRUE,https://imgur.com/a/fake1,2232
238,Tangelo Salmon Glasses,Lorem ipsum sunglasses,FALSE,1971.21,FALSE,https://imgur.com/a/fake2,3463
239,American Rose Bush Glasses,Lorem ipsum sunglasses,TRUE,1852.69,TRUE,https://imgur.com/a/fake1,44
240,Light Salmon Pink Child Glasses,Lorem ipsum sunglasses,TRUE,893.93,TRUE,https://imgur.com/a/fake2,2000
241,Trolley Grey Genus Glasses,Lorem ipsum sunglasses,TRUE,1270.64,TRUE,https://imgur.com/a/fake1,3576
242,Royal Yellow Sheep Glasses,Lorem ipsum sunglasses,FALSE,126.81,FALSE,https://imgur.com/a/fake2,3157
243,Bulgarian Rose Trousers Glasses,Lorem ipsum sunglasses,FALSE,1243.58,TRUE,https://imgur.com/a/fake1,448
244,Heart Gold Phenomenon Glasses,Lorem ipsum sunglasses,TRUE,1466.71,TRUE,https://imgur.com/a/fake2,1649
245,Mardi Gras Duck Glasses,Lorem ipsum sunglasses,TRUE,1083.06,TRUE,https://imgur.com/a/fake1,2130
246,French Rose Dwarf Glasses,Lorem ipsum sunglasses,TRUE,13.86,FALSE,https://imgur.com/a/fake2,1501
247,Charcoal Poppy Glasses,Lorem ipsum sunglasses,FALSE,1991.73,TRUE,https://imgur.com/a/fake1,702
248,Taupe Gray Suspenders Glasses,Lorem ipsum sunglasses,FALSE,1752.3,TRUE,https://imgur.com/a/fake2,3488
249,Urobilin Loaf Glasses,Lorem ipsum sunglasses,TRUE,1455.27,TRUE,https://imgur.com/a/fake1,3724
250,Purple Taupe Bison Glasses,Lorem ipsum sunglasses,TRUE,233.06,FALSE,https://imgur.com/a/fake2,2940
251,Eggplant Zoo Glasses,Lorem ipsum sunglasses,TRUE,1245.05,TRUE,https://imgur.com/a/fake1,1291
252,Old Gold Genus Glasses,Lorem ipsum sunglasses,FALSE,1665.9,TRUE,https://imgur.com/a/fake2,2437
253,Red Devil Cactus Glasses,Lorem ipsum sunglasses,FALSE,2239.41,TRUE,https://imgur.com/a/fake1,3008
254,Tractor Red Moose Glasses,Lorem ipsum sunglasses,TRUE,1073.75,FALSE,https://imgur.com/a/fake2,3574
255,Alabama Crimson Synthesis Glasses,Lorem ipsum sunglasses,TRUE,369.07,TRUE,https://imgur.com/a/fake1,10
256,Medium Candy Apple Red Apparatus Glasses,Lorem ipsum sunglasses,TRUE,741.69,TRUE,https://imgur.com/a/fake2,2166
257,Dark Raspberry Millennium Glasses,Lorem ipsum sunglasses,FALSE,1867.69,TRUE,https://imgur.com/a/fake1,1052
258,Ultra Pink Shrimp Glasses,Lorem ipsum sunglasses,FALSE,97.04,FALSE,https://imgur.com/a/fake2,3668
259,Vivid Burgundy Datum Glasses,Lorem ipsum sunglasses,TRUE,2011.03,TRUE,https://imgur.com/a/fake1,3794
260,Pale Pink Vertebra Glasses,Lorem ipsum sunglasses,TRUE,388.78,TRUE,https://imgur.com/a/fake2,2610
261,Aureolin Self Glasses,Lorem ipsum sunglasses,TRUE,61.89,TRUE,https://imgur.com/a/fake1,136
262,Blizzard Blue Radius Glasses,Lorem ipsum sunglasses,FALSE,1684.97,FALSE,https://imgur.com/a/fake2,282
263,Camouflage Green Box Glasses,Lorem ipsum sunglasses,FALSE,2159.76,TRUE,https://imgur.com/a/fake1,553
264,Teal Blue Shrimp Glasses,Lorem ipsum sunglasses,TRUE,1059.52,TRUE,https://imgur.com/a/fake2,3504
265,Topaz Person Glasses,Lorem ipsum sunglasses,TRUE,1878.71,TRUE,https://imgur.com/a/fake1,3570
266,Brandeis Blue Addendum Glasses,Lorem ipsum sunglasses,TRUE,402.28,FALSE,https://imgur.com/a/fake2,356
267,Satin Sheen Gold Vertebra Glasses,Lorem ipsum sunglasses,FALSE,1451.51,TRUE,https://imgur.com/a/fake1,3282
268,Pearl Stimulus Glasses,Lorem ipsum sunglasses,FALSE,2261.8,TRUE,https://imgur.com/a/fake2,2753
269,Rosy Brown Synopsis Glasses,Lorem ipsum sunglasses,TRUE,309.43,TRUE,https://imgur.com/a/fake1,3139
270,Light Crimson Trout Glasses,Lorem ipsum sunglasses,TRUE,1844.01,FALSE,https://imgur.com/a/fake2,1945
271,China Rose Trousers Glasses,Lorem ipsum sunglasses,TRUE,720.53,TRUE,https://imgur.com/a/fake1,731
272,Pale Magenta Trout Glasses,Lorem ipsum sunglasses,FALSE,2128.63,TRUE,https://imgur.com/a/fake2,2602
273,Pearly Purple Hippopotamus Glasses,Lorem ipsum sunglasses,FALSE,1376.09,TRUE,https://imgur.com/a/fake1,2763
274,Terra Cotta Fish Glasses,Lorem ipsum sunglasses,TRUE,1416.61,FALSE,https://imgur.com/a/fake2,3519
275,Dark Cerulean Carp Glasses,Lorem ipsum sunglasses,TRUE,1521.14,TRUE,https://imgur.com/a/fake1,935
276,Medium Aquamarine Alga Glasses,Lorem ipsum sunglasses,TRUE,295.62,TRUE,https://imgur.com/a/fake2,2156
277,Light Salmon Ellipsis Glasses,Lorem ipsum sunglasses,FALSE,2051.59,TRUE,https://imgur.com/a/fake1,1992
278,Olive Drab #7 Nucleus Glasses,Lorem ipsum sunglasses,FALSE,1645.3,FALSE,https://imgur.com/a/fake2,2468
279,Brilliant Rose Bush Glasses,Lorem ipsum sunglasses,TRUE,1046.68,TRUE,https://imgur.com/a/fake1,414
280,School Bus Yellow Wolf Glasses,Lorem ipsum sunglasses,TRUE,2044.52,TRUE,https://imgur.com/a/fake2,3295
281,Magenta Elf Glasses,Lorem ipsum sunglasses,TRUE,1536.33,TRUE,https://imgur.com/a/fake1,2076
282,Pansy Purple Baby Glasses,Lorem ipsum sunglasses,FALSE,1007.83,FALSE,https://imgur.com/a/fake2,2647
283,Jonquil Species Glasses,Lorem ipsum sunglasses,FALSE,1538.39,TRUE,https://imgur.com/a/fake1,1783
284,Persian Pink Stratum Glasses,Lorem ipsum sunglasses,TRUE,1424.44,TRUE,https://imgur.com/a/fake2,2799
285,Ruddy Brown Datum Glasses,Lorem ipsum sunglasses,TRUE,2161.61,TRUE,https://imgur.com/a/fake1,3185
286,Dark Lava Vertebra Glasses,Lorem ipsum sunglasses,TRUE,1717.92,FALSE,https://imgur.com/a/fake2,986
287,Sandy Taupe Alga Glasses,Lorem ipsum sunglasses,FALSE,1186.58,TRUE,https://imgur.com/a/fake1,3257
288,Wine Volcano Glasses,Lorem ipsum sunglasses,FALSE,1762.56,TRUE,https://imgur.com/a/fake2,3858
289,Dark Brown Suspenders Glasses,Lorem ipsum sunglasses,TRUE,1159.21,TRUE,https://imgur.com/a/fake1,919
290,Otter Brown Beau Glasses,Lorem ipsum sunglasses,TRUE,1888.93,FALSE,https://imgur.com/a/fake2,2505
291,Pale Aqua Hippopotamus Glasses,Lorem ipsum sunglasses,TRUE,1898.96,TRUE,https://imgur.com/a/fake1,2541
292,Turkish Rose Wolf Glasses,Lorem ipsum sunglasses,FALSE,694.98,TRUE,https://imgur.com/a/fake2,3602
293,Mint Green Poppy Glasses,Lorem ipsum sunglasses,FALSE,1852.93,TRUE,https://imgur.com/a/fake1,2303
294,Guppie Green Larva Glasses,Lorem ipsum sunglasses,TRUE,1400.99,FALSE,https://imgur.com/a/fake2,1609
295,Mustard Nemesis Glasses,Lorem ipsum sunglasses,TRUE,91.71,TRUE,https://imgur.com/a/fake1,2360
296,Medium Red-Violet Scissors Glasses,Lorem ipsum sunglasses,TRUE,724.62,TRUE,https://imgur.com/a/fake2,2211
297,Tyrian Purple Pike Glasses,Lorem ipsum sunglasses,FALSE,1611.67,TRUE,https://imgur.com/a/fake1,3632
298,Xanadu Syllabus Glasses,Lorem ipsum sunglasses,FALSE,1086.1,FALSE,https://imgur.com/a/fake2,3878
299,Fuzzy Wuzzy Addendum Glasses,Lorem ipsum sunglasses,TRUE,1519.42,TRUE,https://imgur.com/a/fake1,1529
300,Crimson Glory Tomato Glasses,Lorem ipsum sunglasses,TRUE,1745.5,TRUE,https://imgur.com/a/fake2,895